correo,password
msoql@example.com,*zG9f2#x
bcnrv@example.com,D@p8R2!m
hfrdp@mail.com,K^s3X8$l
azubl@test.com,B@d4Y7#p
lgfri@example.com,L^p6M3!j
nkdab@example.com,Z@w5T9!r
swjab@test.com,H@e2N7#t
ybfoe@example.com,V^d8R5$m
pknzl@example.com,F@r3W9!n
ujhzp@mail.com,T@b6P1!f
trqws@example.com,P^e7K4!j
domng@mail.com,J@q2Z6#h
gcvne@example.com,W^p5S3$k
jbhve@example.com,X@u8F2!g
awmlz@test.com,U^r4L9#p
kzcfg@example.com,Q@t7D3!b
mubrx@test.com,Y@o6V2#j
vopac@example.com,C^l3N8$m
scowv@example.com,M@i5R9!k
ezoqr@mail.com,A^q2X7#f
pizsc@example.com,R@w8H3!t
qlsno@example.com,N@b6F1!m
tjywp@example.com,Z^o5T9#j
bcfer@example.com,K@d4S7!g
dhykj@mail.com,E@l8P2!b
whnpq@example.com,G^f3Y9$r
jmcgb@example.com,O@t7M5!n
avchm@example.com,H@p6D1#k
ksyhd@example.com,B^i2N7$m
uqnsh@example.com,L@e9R4!j
rlaxn@test.com,V^o5F3$k
dyozq@example.com,T@r6X2!g
zkban@example.com,J@q7H9#p
wbsek@test.com,F^p4S1!m
xctqp@example.com,U@o8D3#n
nhloq@example.com,C^e5L9!t
ozjnb@example.com,A@w2P7$m
qltwr@example.com,K@d8M3!b
xjvfo@example.com,W@p6F9#j
ycrun@mail.com,O^l3T1!g
mnprz@example.com,Z@u4Y2#t
uzsnh@example.com,H^q7D5$m
jdpef@example.com,N@o8R3!k
cmihz@example.com,T@p2X7!n
pvzag@test.com,L^d5F1#j
yrmkh@example.com,B@e9M3!g
skyrf@example.com,P@t4R7!b
trwve@mail.com,J^o8D2$k
nlzse@example.com,G@p5S9!t
egrjf@example.com,V@q3F7$m
xsnze@test.com,Y@r6X2!k
wmapz@example.com,C@o4D9#b
jhsae@example.com,A@u7P3!n
krndb@example.com,K@w5T1!j
oultr@example.com,L@d2S9#t
bhoqf@example.com,O@p6F3$m
ajclx@example.com,Z@e7R1!k
nmqrh@example.com,J@o8X2!g
vqpjr@test.com,T@q5D7!b
skltr@example.com,H^r3M9#n
fwmyo@example.com,N@d4F1!t
xblsq@example.com,V@p7L3$m
bcmqn@test.com,U@o2R9!k
rpsoj@example.com,C@w8X3!b
nlize@example.com,A@t5D7#n
zgbej@example.com,K@q6P1!m
owvhr@example.com,W@e3F9!t
qtbhl@example.com,L@d2R7$m
jprxe@example.com,Y@p4X1#k
zbrnj@example.com,O@o5T3!g
klymr@example.com,H@w7S9!t
xrgyl@example.com,N@e2D1$m
upklm@example.com,T@r8F3!b
cjwol@example.com,P@d4M7#k
qzbas@example.com,Z@o6X1!t
mlzro@example.com,K@w3F9$m
tbveh@example.com,L@p2R5#k
ndopz@example.com,C@e7T3!g
vjkqs@test.com,V@t6D1!n
rwbas@example.com,A@q8X2$m
yfgnj@example.com,Y@d5S7!t
jlsib@example.com,W@o2P9#k
bvrap@example.com,J@u3F1!m
kzoup@example.com,K@r8T7!g
uqmfb@example.com,T@d4L2#n
sawhb@example.com,L@p6F3$m
mlvke@example.com,N@o5R1!t
qgnzl@example.com,B@e2M7!k
jwxil@example.com,Z@t9X3#b
bxeky@example.com,C@w4D1!n
nztpe@example.com,L@d7F2$m
qczlh@example.com,O@q5T8!t
wjhca@example.com,P@e3R1!b
xnlqe@example.com,J@o7X6#k
az0101op@gmail.com,prueba
hola@gmail.com,prueba
o@gmail.com,prueba
njs@gmail.com,123
njs@gmail.com,123
njs@gmail.com,123
prueba@gmail.com,prueba
prueba123@gmail.com,123
